{
    "features":[
        {
            "properties":{
                "ID":1,
                "Coordinates": [-92.64369263529309, 32.526204537278296]
            }
        },

        {
            "properties":{
                "ID":2,
                "Coordinates": [-92.64474851971438, 32.525616362858024]
            }
        }
    ]
}